,2/18/20,2/19/20,2/20/20,2/21/20,2/22/20,2/23/20,2/24/20,2/25/20,2/26/20,2/27/20,2/28/20,2/29/20,03/01/2020,03/02/2020,03/03/2020,03/04/2020,03/05/2020,03/06/2020,03/07/2020,03/08/2020,03/09/2020,03/10/2020,03/11/2020,03/12/2020,3/13/20,3/14/20,3/15/20,3/16/20,3/17/20,3/18/20,3/19/20,3/20/20,3/21/20,3/22/20,3/23/20,3/24/20,3/25/20,3/26/20,3/27/20,3/28/20,3/29/20,3/30/20,3/31/20,04/01/2020,04/02/2020,04/03/2020,04/04/2020,04/05/2020,04/06/2020,04/07/2020,04/08/2020,04/09/2020,04/10/2020,04/11/2020,04/12/2020,4/13/20,4/14/20,4/15/20,4/16/20,4/17/20,4/18/20,4/19/20,4/20/20,4/21/20,4/22/20,4/23/20,4/24/20,4/25/20,4/26/20,4/27/20,4/28/20,4/29/20,4/30/20,05/01/2020,05/02/2020,05/03/2020,05/04/2020,05/05/2020,05/06/2020,05/07/2020,05/08/2020,05/09/2020,05/10/2020,05/11/2020,05/12/2020,5/13/20,5/14/20,5/15/20,5/16/20,5/17/20,5/18/20,5/19/20,5/20/20,5/21/20,5/22/20,5/23/20,5/24/20,5/25/20,5/26/20,5/27/20,5/28/20,5/29/20,5/30/20,5/31/20,06/01/2020,06/02/2020,06/03/2020,06/04/2020,06/05/2020,06/06/2020,06/07/2020,06/08/2020,06/09/2020,06/10/2020,06/11/2020,06/12/2020,6/13/20,6/14/20,6/15/20,6/16/20,6/17/20,6/18/20,6/19/20,6/20/20,6/21/20,6/22/20,6/23/20,6/24/20,6/25/20,6/26/20,6/27/20,6/28/20,6/29/20,6/30/20,07/01/2020,07/02/2020,07/03/2020,07/04/2020,07/05/2020,07/06/2020,07/07/2020,07/08/2020,07/09/2020,07/10/2020,07/11/2020,07/12/2020,7/13/20,7/14/20,7/15/20,7/16/20,7/17/20,7/18/20,7/19/20,7/20/20,7/21/20,7/22/20,7/23/20,7/24/20,7/25/20,7/26/20,7/27/20,7/28/20,7/29/20,7/30/20,7/31/20,08/01/2020,08/02/2020,08/03/2020,08/04/2020,08/05/2020,08/06/2020,08/07/2020,08/08/2020,08/09/2020,08/10/2020,08/11/2020,08/12/2020,8/13/20,8/14/20,8/15/20,8/16/20,8/17/20,8/18/20,8/19/20,8/20/20,8/21/20,8/22/20,8/23/20,8/24/20,8/25/20,8/26/20,8/27/20,8/28/20,8/29/20,8/30/20,8/31/20,09/01/2020,09/02/2020,09/03/2020,09/04/2020,09/05/2020,09/06/2020,09/07/2020,09/08/2020,09/09/2020,09/10/2020,09/11/2020,09/12/2020,9/13/20,9/14/20,9/15/20,9/16/20,9/17/20,9/18/20,9/19/20,9/20/20,9/21/20,9/22/20,9/23/20,9/24/20,9/25/20,9/26/20,9/27/20,9/28/20,9/29/20,9/30/20,10/01/2020,10/02/2020,10/03/2020,10/04/2020,10/05/2020,10/06/2020,10/07/2020,10/08/2020,10/09/2020,10/10/2020,10/11/2020,10/12/2020,10/13/20,10/14/20,10/15/20,10/16/20,10/17/20,10/18/20,10/19/20,10/20/20,10/21/20,10/22/20,10/23/20,10/24/20,10/25/20,10/26/20,10/27/20,10/28/20,10/29/20,10/30/20,10/31/20,11/01/2020,11/02/2020,11/03/2020,11/04/2020,11/05/2020,11/06/2020,11/07/2020,11/08/2020,11/09/2020,11/10/2020,11/11/2020,11/12/2020,11/13/20,11/14/20,11/15/20,11/16/20,11/17/20,11/18/20,11/19/20,11/20/20,11/21/20,11/22/20,11/23/20,11/24/20,11/25/20,11/26/20,11/27/20,11/28/20,11/29/20,11/30/20
Alaska,0,0,0,0,0,0,0,0,0,0,0,0,0,0,0,0,0,0,0,0,0,0,0,0,0,0,0,0,0,0,0,0,0,0,0,0,1,0,0,1,0,1,0,0,0,0,2,1,0,0,1,0,0,1,0,0,1,0,0,0,0,0,0,0,0,0,0,0,0,0,0,0,0,0,0,0,0,0,1,0,0,0,0,0,0,0,0,0,0,0,0,0,0,0,0,0,0,0,0,0,0,0,0,0,0,0,0,0,0,0,0,0,1,0,0,1,0,0,0,0,0,0,0,0,0,0,0,0,0,2,0,0,0,0,0,0,1,1,0,0,1,0,0,0,0,0,0,0,0,0,0,1,0,0,0,1,0,0,1,0,1,1,0,1,0,1,0,1,0,0,0,0,1,0,0,0,1,0,0,1,0,0,1,0,0,1,1,1,0,4,1,0,0,0,0,0,2,0,1,0,2,0,0,0,0,0,1,1,0,0,0,0,0,1,0,0,0,0,0,1,6,0,4,0,0,0,1,0,1,0,0,0,1,1,0,0,0,0,0,4,1,1,1,0,0,0,1,0,0,0,0,0,2,1,6,4,1,1,1,0,0,0,0,0,0,0,8,4,0,1,1,0,0,2,0,1,0,1,1,0,13,0,3,0,2,0,0
Alabama,0,0,0,0,0,0,0,0,0,0,0,0,0,0,0,0,0,0,0,0,0,0,0,0,0,0,0,0,0,0,0,0,0,0,0,0,1,0,3,0,6,0,13,4,5,6,6,1,4,15,2,4,10,12,1,6,15,4,15,15,5,4,6,20,13,6,7,0,10,9,14,14,16,17,0,2,8,17,28,26,14,7,3,10,32,15,23,10,2,3,1,15,18,7,12,8,2,15,14,3,8,19,8,12,16,7,0,0,23,13,3,26,11,15,11,14,4,0,1,11,5,20,12,16,1,2,23,27,5,11,12,0,10,21,22,13,21,1,0,0,26,25,10,36,10,7,3,40,47,19,35,21,1,4,12,61,33,41,18,17,18,0,47,27,15,23,24,6,33,29,19,21,20,13,29,50,35,8,3,3,2,27,11,8,30,22,15,2,11,13,8,31,31,45,10,20,18,17,16,33,9,1,0,1,8,16,32,17,1,4,32,5,9,27,9,0,2,18,31,18,0,10,0,0,16,23,8,2,8,0,1,21,21,36,16,11,0,1,0,41,50,30,2,0,1,16,23,15,16,7,0,0,26,19,3,18,35,6,0,14,19,20,23,33,2,0,36,81,12,18,15,2,1,52,46,72,32,6,0,2,13,60,40,0,0,5,1
Arkansas,0,0,0,0,0,0,0,0,0,0,0,0,0,0,0,0,0,0,0,0,0,0,0,0,0,0,0,0,0,0,0,0,0,0,0,2,0,0,1,2,1,1,1,2,2,0,2,2,0,2,0,3,0,4,2,2,3,1,4,0,1,1,2,1,0,3,2,1,3,0,6,0,4,3,8,4,4,3,4,0,1,0,3,3,1,2,1,0,0,0,2,2,5,3,3,2,1,1,2,1,5,7,1,0,0,3,6,9,1,2,0,1,6,4,6,5,1,2,3,6,9,11,6,10,1,2,10,3,0,9,10,5,1,5,7,2,2,5,1,5,9,4,4,4,6,2,2,8,4,6,12,4,0,6,11,6,6,8,5,2,7,20,6,8,11,5,6,11,15,18,7,6,14,9,11,11,6,10,5,13,0,4,16,12,10,22,11,13,9,15,21,7,17,16,12,13,17,27,20,12,9,12,14,9,11,12,13,16,12,11,158,7,9,7,8,0,16,12,20,17,20,19,23,21,21,19,15,7,16,18,22,22,13,21,27,22,17,17,25,23,11,20,19,20,10,14,23,21,10,15,15,21,24,18,19,6,25,33,27,18,23,11,19,12,17,23,4,14,18,4,11,24,42,20,30,22,24,16,20,30,18,20,11,0,13,21,32
Arizona,0,0,0,0,0,0,0,0,0,0,0,0,0,0,0,0,0,0,0,0,0,0,0,0,0,0,0,0,0,0,0,0,1,1,0,3,1,2,5,2,2,3,5,7,3,9,8,12,1,8,16,9,8,11,8,7,11,12,9,19,0,4,7,17,23,18,17,7,2,0,0,33,12,10,0,32,0,33,31,24,67,15,4,6,20,33,29,27,28,1,7,18,42,17,11,26,0,6,3,24,26,26,18,3,11,25,40,16,16,28,8,2,23,25,34,21,33,2,12,25,21,34,38,25,3,2,45,71,28,41,44,14,4,47,80,39,34,19,8,4,98,36,75,44,69,86,9,91,97,58,91,147,31,23,134,56,89,80,143,19,0,104,46,172,68,53,18,14,66,87,70,79,56,13,4,45,148,36,40,69,14,0,23,105,50,4,68,15,0,21,104,33,49,29,23,0,15,21,65,41,36,14,0,2,30,22,15,27,7,0,22,27,38,42,16,10,1,20,27,34,28,35,1,1,8,18,24,19,12,1,1,6,20,10,3,13,0,0,8,5,17,17,18,3,3,7,17,5,6,4,5,1,16,14,13,16,45,0,3,38,39,28,22,38,17,0,28,36,12,17,43,2,0,10,53,19,43,30,7,0,51,9,44,20,36,10,5
California,0,0,0,0,0,0,0,0,0,0,0,0,0,0,0,1,0,0,0,0,0,1,2,0,0,0,2,2,5,4,2,6,1,5,9,11,15,16,13,16,14,22,27,26,39,27,24,59,32,52,63,49,39,21,36,74,53,93,96,81,103,37,48,57,139,112,88,68,36,54,85,82,85,95,54,36,62,103,83,71,78,74,29,63,100,78,95,84,72,32,39,124,94,86,82,72,16,15,50,76,99,84,67,28,45,88,69,70,85,78,25,25,88,109,80,44,98,23,15,86,71,84,71,68,21,51,60,99,81,62,31,33,51,99,87,96,50,19,39,68,132,145,141,96,72,24,38,161,125,114,114,99,13,55,118,159,154,136,71,40,46,185,229,118,188,131,51,45,243,124,213,112,174,70,99,47,230,117,278,70,25,53,208,186,120,136,185,22,82,147,150,145,128,89,43,85,128,167,176,145,71,22,27,65,160,94,153,97,51,61,155,97,113,89,125,0,40,133,102,102,123,67,23,27,149,103,88,81,61,32,24,73,94,80,68,81,12,7,58,85,103,78,46,23,3,73,112,89,49,38,15,28,74,69,30,59,41,12,18,56,63,52,71,30,12,48,45,42,27,70,48,9,26,59,106,89,98,32,54,27,109,106,57,64,27,35,22
Colorado,0,0,0,0,0,0,0,0,0,0,0,0,0,0,0,0,0,0,0,0,0,0,0,1,1,0,0,0,1,0,2,0,1,1,0,4,9,0,12,13,3,4,18,10,18,14,15,14,10,29,14,33,24,24,15,17,21,27,18,17,22,9,27,36,23,46,122,10,4,18,30,30,11,44,11,10,9,52,16,25,16,7,4,16,23,52,24,64,42,23,9,33,42,11,14,3,5,1,19,40,29,15,7,2,13,16,20,18,12,3,0,16,10,19,10,0,15,1,7,12,14,7,5,4,0,4,14,2,2,4,1,2,5,9,7,4,0,0,0,0,5,8,2,18,1,0,2,11,6,1,6,1,0,6,5,8,15,4,4,0,5,8,15,0,16,6,0,0,5,2,1,5,0,1,4,12,1,7,6,8,0,0,3,1,3,7,8,0,1,7,1,4,6,5,0,3,1,6,3,0,16,1,1,0,4,2,6,3,0,2,6,6,4,3,4,1,4,7,5,3,1,6,1,3,2,5,3,3,3,8,1,12,4,10,8,9,1,3,37,7,2,10,4,0,4,2,12,4,13,7,5,3,10,13,19,10,7,3,4,19,22,20,23,13,5,14,19,16,25,36,21,21,32,30,43,79,15,42,19,4,50,46,51,20,6,20,34
Connecticut,0,0,0,0,0,0,0,0,0,0,0,0,0,0,0,0,0,0,0,0,0,0,0,0,0,0,0,0,0,1,2,1,0,4,2,2,7,2,6,6,1,2,33,16,27,19,34,24,17,71,49,54,68,46,60,48,69,197,103,65,50,41,204,92,121,95,128,98,59,88,75,82,88,82,97,0,120,77,85,79,77,58,35,41,33,84,94,66,54,69,42,22,57,54,54,38,18,49,27,34,23,42,44,32,26,2,17,18,31,17,16,13,13,23,26,13,27,15,3,6,9,7,12,13,9,3,14,10,11,9,4,5,4,2,2,2,9,0,0,3,0,5,5,0,0,0,23,1,8,9,7,0,0,10,0,0,4,3,0,0,5,5,2,6,1,0,0,5,0,0,0,4,0,0,3,0,6,0,3,0,0,3,0,1,1,2,0,0,0,3,0,2,0,0,0,0,1,1,1,0,0,0,0,6,0,4,2,0,0,5,0,2,1,4,0,0,3,1,1,2,2,0,0,2,2,3,3,2,0,0,4,4,1,5,3,0,0,2,1,4,3,2,0,0,12,5,8,2,8,0,0,12,6,9,5,7,0,0,11,8,10,11,15,0,0,27,9,9,10,11,0,0,22,12,13,21,23,0,0,43,10,45,0,35,0,0,59
Delaware,0,0,0,0,0,0,0,0,0,0,0,0,0,0,0,0,0,0,0,0,0,0,0,0,0,0,0,0,0,0,0,0,0,0,0,0,0,1,1,3,1,0,4,1,1,2,0,0,1,1,3,4,9,1,2,6,2,3,9,6,6,0,5,10,7,3,8,12,8,5,12,7,8,7,9,9,5,5,6,9,11,8,0,4,12,10,13,11,15,4,7,7,6,7,5,0,4,6,3,9,1,11,5,5,2,5,2,11,2,2,8,0,12,3,1,0,5,3,1,1,2,5,2,1,1,0,69,1,2,0,0,0,0,2,0,1,2,0,0,0,2,1,2,0,0,0,0,1,3,0,0,2,0,0,2,2,2,49,1,0,0,1,1,0,4,0,0,0,2,0,0,1,2,1,0,0,1,1,0,0,0,0,0,2,0,5,0,0,4,0,1,0,0,0,0,1,0,1,0,0,2,1,0,0,0,4,0,0,2,2,1,1,0,1,1,0,6,1,1,1,1,2,0,1,1,1,0,6,3,0,0,1,3,2,0,2,1,2,3,1,1,1,2,1,1,2,2,0,8,2,1,4,1,2,1,15,4,2,0,2,0,4,0,0,2,1,3,2,8,2,2,0,0,3,3,0,4,0,2,4,5,3,1,2,0,7,2
Florida,0,0,0,0,0,0,0,0,0,0,0,0,0,0,0,0,0,0,0,2,0,0,0,0,0,0,1,0,2,2,2,2,2,0,5,0,5,6,6,19,2,7,22,2,77,6,25,26,15,47,26,45,36,48,23,38,72,25,72,57,23,26,48,45,26,94,59,9,20,13,83,47,50,46,50,15,20,72,68,61,69,46,6,14,44,48,48,42,47,9,24,55,44,48,46,43,4,15,7,60,45,49,34,4,9,70,36,41,53,28,12,12,53,36,47,29,48,6,7,55,25,43,43,40,17,12,65,43,46,39,24,29,28,58,45,67,67,18,29,47,63,48,120,93,95,45,35,132,112,156,128,90,87,90,134,139,173,135,124,77,77,186,216,253,257,179,62,73,245,225,120,180,182,77,91,276,212,148,228,204,107,87,219,174,117,119,106,51,72,183,153,135,89,148,14,68,187,127,149,100,61,38,22,44,195,216,176,98,8,34,145,152,147,139,62,9,21,99,202,177,120,107,10,5,106,174,127,110,74,43,41,55,137,164,118,0,178,48,119,64,141,94,87,50,54,84,105,57,73,77,12,20,56,66,77,72,41,28,45,56,32,39,53,86,21,58,69,52,72,73,44,29,41,85,87,79,79,41,61,94,72,97,0,109,79,58,97
Georgia,0,0,0,0,0,0,0,0,0,0,0,0,0,0,0,0,0,0,0,0,0,0,0,1,0,0,0,0,0,2,7,4,6,5,0,7,8,8,16,5,11,7,24,28,24,21,17,10,18,100,33,17,37,13,4,32,60,27,35,63,23,14,88,23,50,33,18,8,9,79,41,65,31,37,8,7,62,53,28,28,45,3,3,38,54,19,28,43,10,12,39,26,22,78,33,14,5,21,48,37,40,14,17,49,41,8,21,26,25,4,2,28,77,44,46,43,29,4,43,35,46,30,31,6,1,5,47,3,47,25,6,2,6,21,22,22,8,0,3,18,21,23,8,35,31,7,23,28,37,14,27,37,5,3,77,81,26,82,51,4,11,54,79,29,81,73,15,2,79,63,42,91,69,13,30,122,105,82,35,96,33,25,67,55,55,94,94,40,24,106,49,82,78,105,28,29,100,62,73,63,46,60,7,26,58,76,42,41,46,20,44,22,55,62,63,3,2,69,96,47,58,40,32,15,33,27,42,43,27,29,30,37,30,35,54,45,23,13,25,16,22,64,51,31,19,17,30,25,37,42,1,18,17,32,47,32,24,2,18,480,43,56,30,39,1,29,53,76,75,24,51,1,10,41,57,37,40,37,19,17,6,76,39,44,44,18,10
Hawaii,0,0,0,0,0,0,0,0,0,0,0,0,0,0,0,0,0,0,0,0,0,0,0,0,0,0,0,0,0,0,0,0,0,0,0,1,0,0,0,0,0,0,0,1,0,2,0,1,1,0,0,1,0,2,1,0,0,0,0,0,0,1,0,0,2,0,1,0,1,2,0,0,0,0,0,1,0,0,0,0,0,0,0,0,0,0,0,0,0,0,0,0,0,0,0,0,0,0,0,0,0,0,0,0,0,0,0,0,0,0,0,0,0,0,0,0,0,0,0,0,0,0,0,0,0,0,0,0,0,0,1,0,0,0,0,0,1,0,0,0,0,0,0,0,0,0,3,0,0,0,1,1,0,0,0,1,1,0,0,0,0,0,0,0,0,0,0,0,1,0,2,2,0,0,3,0,4,2,0,0,0,0,1,1,3,1,1,0,2,0,2,4,4,3,1,7,4,1,4,2,3,1,1,2,3,3,2,1,2,0,1,3,4,13,0,0,0,0,2,2,3,4,1,0,2,2,3,3,11,3,1,3,3,1,2,2,1,0,4,10,1,1,1,1,0,2,14,3,3,3,0,0,3,0,2,1,3,0,0,0,0,0,0,1,1,0,1,0,0,0,0,0,0,0,1,0,1,7,2,0,0,2,2,3,0,4,0
Iowa,0,0,0,0,0,0,0,0,0,0,0,0,0,0,0,0,0,0,0,0,0,0,0,0,0,0,0,0,0,0,0,0,0,0,0,0,1,0,2,0,1,2,1,2,2,0,3,4,7,0,2,2,2,3,7,0,8,4,7,4,10,1,4,4,7,6,11,5,6,9,9,12,14,8,5,9,4,19,12,12,12,9,13,6,18,17,12,18,10,5,4,12,26,17,14,22,10,0,21,19,10,18,7,4,20,6,13,9,10,6,6,12,9,5,9,4,6,2,6,7,10,5,1,0,5,0,3,1,6,8,0,2,5,5,1,2,2,0,0,2,9,4,5,2,5,4,3,2,20,4,4,4,4,5,8,8,6,6,0,3,7,3,15,11,7,2,4,6,4,12,12,3,12,4,3,12,7,7,10,5,0,12,15,8,6,13,4,4,10,12,12,20,17,0,13,7,5,8,3,22,6,3,3,15,19,3,9,2,2,4,10,14,2,14,1,0,19,9,5,5,9,2,2,8,17,17,8,11,4,6,11,15,6,14,21,5,3,19,10,14,11,8,4,4,16,28,18,7,28,5,1,22,23,11,14,9,2,17,23,24,21,13,14,14,3,27,26,29,19,26,13,4,34,41,38,25,32,32,11,20,48,42,37,11,15,24,27
Idaho,0,0,0,0,0,0,0,0,0,0,0,0,0,0,0,0,0,0,0,0,0,0,0,0,0,0,0,0,0,0,0,0,0,0,0,0,0,3,0,1,1,1,2,1,0,0,1,0,0,3,2,3,6,1,2,0,6,6,2,0,2,1,1,3,3,3,0,2,0,0,4,0,0,3,1,0,0,1,1,1,0,0,0,3,0,0,3,0,1,0,1,0,3,0,2,0,0,0,0,2,1,0,0,0,0,1,0,0,0,0,0,0,2,0,0,2,0,0,0,1,0,1,0,0,0,0,0,0,1,0,1,0,0,1,0,0,1,0,0,1,0,4,2,1,1,0,0,1,7,4,4,1,0,3,4,9,3,6,2,0,6,8,13,4,11,9,0,3,10,7,6,6,6,2,2,7,0,5,14,4,0,4,9,7,7,9,1,1,7,12,11,6,10,5,1,2,6,5,0,10,2,1,0,4,18,0,5,3,0,4,4,6,5,4,3,2,4,4,3,3,1,2,0,0,4,5,3,2,6,2,5,5,8,3,3,1,0,3,2,4,1,6,6,0,3,4,11,7,9,10,1,7,5,14,16,11,3,1,2,15,17,7,8,4,3,12,16,19,16,3,7,0,4,35,14,23,10,2,2,17,8,21,0,14,4,7,9
Illinois,0,0,0,0,0,0,0,0,0,0,0,0,0,0,0,0,0,0,0,0,0,0,0,0,0,0,0,0,1,0,3,1,1,3,3,4,3,7,8,13,19,7,26,42,22,47,34,30,33,73,82,66,69,80,43,78,70,81,123,60,127,31,59,119,97,123,107,80,58,50,142,90,140,102,102,59,41,175,140,137,130,108,57,53,142,191,136,131,70,48,57,145,146,82,108,75,66,29,38,160,103,84,60,60,22,113,96,115,59,69,40,20,94,77,90,75,29,19,18,72,87,52,43,45,22,24,36,63,40,37,26,15,14,21,28,36,18,9,6,6,247,36,20,16,24,19,6,25,8,25,13,18,5,6,23,23,20,17,12,1,18,30,16,16,22,8,14,9,19,28,21,31,18,5,1,20,15,24,27,5,18,12,27,23,27,22,17,6,8,29,37,23,20,11,11,7,38,27,24,38,23,5,8,7,28,28,44,22,14,5,18,35,25,23,25,14,7,29,22,30,33,25,13,13,23,35,24,52,31,17,14,31,42,32,32,30,9,13,30,47,53,52,27,22,22,41,68,42,41,63,24,17,46,51,56,49,46,35,18,68,55,97,84,91,50,25,82,153,48,45,197,74,42,113,151,180,147,156,99,61,150,178,155,91,153,44,103
Indiana,0,0,0,0,0,0,0,0,0,0,0,0,0,0,0,0,0,0,0,0,0,0,0,0,0,0,0,1,1,0,0,1,1,2,1,5,2,3,8,6,1,3,14,16,13,24,14,11,16,30,30,42,55,30,13,7,37,49,41,45,23,17,15,58,31,40,35,45,27,31,57,63,150,61,54,17,18,62,51,37,33,43,18,32,38,41,27,45,50,10,14,59,40,49,28,23,12,8,20,26,38,42,15,9,9,54,10,24,27,34,11,13,23,16,25,16,17,9,11,14,28,16,25,20,4,13,16,9,8,9,21,3,5,16,10,12,19,6,6,5,19,15,7,9,8,4,2,13,10,10,8,17,2,3,21,17,17,4,11,8,3,18,8,14,19,6,4,5,16,11,6,10,13,5,3,25,17,19,8,15,5,2,30,15,11,17,10,2,5,16,18,7,11,8,6,5,16,13,7,18,12,2,4,12,17,13,10,17,1,1,21,12,6,17,8,3,6,8,10,18,18,11,3,11,21,20,13,11,13,5,7,30,16,15,19,21,7,6,27,14,28,23,31,19,23,48,15,42,27,26,12,13,51,33,33,26,46,32,26,49,25,47,36,45,37,35,67,31,51,50,25,22,26,89,59,59,63,40,59,27,103,63,63,33,69,22,38
Kansas,0,0,0,0,0,0,0,0,0,0,0,0,0,0,0,0,0,0,0,0,0,0,0,0,1,0,0,0,0,0,0,0,1,0,0,0,1,0,1,1,2,1,1,1,3,5,0,3,3,10,4,0,16,2,11,0,16,0,7,4,2,7,9,7,3,1,5,2,1,5,1,7,0,6,2,2,12,5,3,1,3,6,0,6,4,4,1,4,2,0,3,1,3,2,1,0,0,2,3,3,1,1,0,0,2,5,4,1,5,1,0,3,1,3,3,0,2,0,1,0,1,4,3,2,1,1,2,1,1,3,3,1,4,0,4,3,2,1,1,1,4,0,4,0,2,2,1,1,5,1,1,2,1,3,4,5,1,8,0,2,4,5,9,8,1,0,3,6,1,4,6,2,0,0,7,6,4,6,1,2,0,1,4,4,4,7,0,0,3,1,12,2,1,4,0,2,5,5,10,10,0,0,4,0,14,4,13,10,2,14,15,29,0,10,0,0,5,13,7,0,14,0,0,9,7,27,0,20,0,0,8,0,17,24,24,2,1,13,12,39,0,21,0,0,13,23,57,0,23,0,0,1,7,24,1,21,0,0,17,11,30,0,79,0,0,15,0,34,0,41,0,0,10,0,60,0,84,0,0,46,0,47,0,26,0,0,31
Kentucky,0,0,0,0,0,0,0,0,0,0,0,0,0,0,0,0,0,0,0,0,0,0,0,0,0,0,0,1,0,0,1,0,1,0,1,0,1,0,2,2,0,2,0,7,13,3,6,5,0,20,0,8,17,0,7,16,0,9,14,8,7,2,8,17,14,6,9,5,3,5,12,9,6,6,2,5,8,14,8,11,4,6,0,7,10,0,7,4,2,0,12,20,10,10,5,0,0,0,3,6,9,9,13,0,8,3,8,8,8,4,0,2,5,7,9,4,2,0,6,0,13,2,2,2,2,0,11,1,8,7,1,4,2,5,7,9,4,0,0,8,9,6,4,8,2,3,4,6,10,5,8,9,3,1,3,3,7,7,5,4,9,10,5,7,4,5,2,2,7,1,8,4,8,1,2,8,7,6,8,6,0,8,12,12,14,8,8,0,12,11,7,8,8,3,8,4,15,18,10,11,6,3,0,1,16,22,9,13,3,5,9,8,11,8,7,3,1,7,5,13,12,5,3,5,8,4,17,6,8,4,5,4,5,11,8,7,3,3,14,7,20,4,12,6,8,16,21,17,16,8,3,3,18,14,19,15,9,4,3,11,11,20,10,17,4,11,14,14,18,25,11,3,3,33,15,30,20,21,4,5,17,26,0,36,14,11,12
Louisiana,0,0,0,0,0,0,0,0,0,0,0,0,0,0,0,0,0,0,0,0,0,0,0,0,0,1,1,1,1,2,4,4,6,0,15,11,19,18,36,18,14,34,54,34,37,60,39,68,35,70,70,50,53,51,34,44,129,90,53,57,54,29,32,77,68,126,61,47,22,11,61,44,60,65,23,19,52,51,52,41,19,40,19,22,39,34,36,31,31,12,72,18,27,21,39,0,23,0,11,21,18,26,19,5,10,34,35,13,29,13,11,8,13,11,19,9,8,10,4,24,20,0,22,20,1,12,17,18,12,26,0,9,0,22,17,17,23,0,10,8,23,20,16,25,23,13,7,22,16,24,24,0,34,31,36,60,16,29,0,48,23,26,71,42,24,0,58,17,27,45,50,61,0,56,24,26,43,46,28,0,77,19,28,55,28,50,0,59,18,33,54,23,30,0,27,19,34,20,17,14,0,58,12,13,22,21,41,0,33,17,26,18,17,29,0,26,9,11,19,16,21,0,21,15,10,21,8,26,0,32,9,6,12,5,26,0,20,14,10,16,12,20,0,23,16,6,12,15,21,0,17,17,18,18,18,11,0,7,8,17,24,20,21,0,20,12,10,0,39,24,0,11,7,17,28,15,34,0,27,24,39,27,0,41,0,16,13
Massachusetts,0,0,0,0,0,0,0,0,0,0,0,0,0,0,0,0,0,0,0,0,0,0,0,0,0,0,0,0,0,0,0,1,0,4,4,2,4,10,10,9,4,8,33,33,32,38,24,15,29,96,77,70,96,87,70,88,0,264,0,137,159,302,0,255,221,178,196,174,169,104,150,252,157,154,130,158,86,122,208,132,150,138,139,129,33,174,167,110,113,92,65,76,128,82,80,76,68,44,57,74,93,78,50,78,189,50,67,49,34,54,27,37,55,46,38,46,38,48,23,18,69,36,30,28,30,16,16,48,25,50,28,19,35,0,27,51,17,23,11,15,15,30,25,28,14,15,5,10,28,12,22,17,12,2,17,18,16,14,12,19,7,15,29,0,29,17,12,10,9,2,32,18,12,14,6,10,18,21,20,16,12,4,6,28,12,13,20,0,28,12,26,21,16,12,13,11,4,0,17,23,16,9,8,8,5,20,14,16,14,9,6,20,15,9,26,15,7,11,19,15,11,18,13,11,8,33,24,10,17,3,20,8,19,8,12,10,17,13,13,17,25,30,21,14,16,5,22,30,20,9,25,17,7,36,27,24,16,22,10,12,27,23,21,23,20,14,21,38,20,23,28,36,11,20,47,28,34,19,24,19,20,53,0,31,41,46,26
Maryland,0,0,0,0,0,0,0,0,0,0,0,0,0,0,0,0,0,0,0,0,0,0,0,0,0,0,0,0,0,0,1,1,0,1,0,1,0,0,1,0,5,5,3,13,5,7,11,13,24,12,21,14,33,35,30,26,40,9,8,15,87,40,121,70,46,50,50,77,35,35,71,62,62,0,171,30,36,73,47,66,57,54,30,39,73,53,57,45,46,35,31,58,42,36,48,36,34,25,31,59,36,38,43,23,20,45,44,27,34,38,9,27,35,33,31,25,26,13,8,35,14,20,14,22,14,8,18,16,21,13,15,11,7,15,15,7,11,13,7,3,20,9,13,15,7,9,6,9,7,6,12,9,9,5,20,3,4,13,11,7,7,11,20,10,5,13,9,8,7,6,15,14,12,8,6,13,8,8,11,5,3,2,9,11,8,5,11,6,3,13,10,5,5,19,6,3,6,5,12,11,7,3,5,3,9,8,4,8,2,1,10,6,6,8,7,3,4,12,7,7,8,8,10,3,8,3,0,1,7,1,3,6,6,6,11,5,4,4,9,10,6,4,4,1,4,9,8,12,8,13,5,3,9,7,12,10,10,5,3,7,10,10,12,7,11,9,12,16,12,12,20,9,7,26,16,21,26,17,19,14,33,37,29,22,33,23,16
Maine,0,0,0,0,0,0,0,0,0,0,0,0,0,0,0,0,0,0,0,0,0,0,0,0,0,0,0,0,0,0,0,0,0,0,0,0,0,0,1,0,2,0,2,0,2,2,1,0,0,2,2,2,1,2,0,0,1,4,3,2,3,2,1,1,3,5,3,0,3,1,0,1,1,2,1,1,0,4,1,0,1,1,0,1,0,1,3,0,1,0,1,2,0,0,2,2,1,0,1,2,3,1,4,0,0,5,1,0,3,0,1,0,1,0,0,0,0,0,1,0,1,0,0,0,0,0,0,1,0,0,1,0,1,0,0,0,0,2,2,0,1,0,1,0,1,2,0,0,0,0,1,2,0,0,1,0,0,0,1,0,0,2,0,1,1,0,0,1,0,1,0,0,1,0,0,1,0,0,0,1,0,0,0,0,1,1,1,1,0,0,1,0,0,0,0,0,0,1,0,1,0,0,0,0,0,0,0,1,1,0,1,1,0,0,1,0,1,0,0,0,0,0,0,0,1,0,0,0,1,0,0,0,0,0,1,0,0,0,0,0,1,1,1,0,0,0,0,0,0,0,0,0,0,0,0,0,1,0,1,0,2,0,0,1,1,1,3,2,1,3,1,2,0,1,4,1,2,1,2,1,12,1,0,0,1,0,3
Michigan,0,0,0,0,0,0,0,0,0,0,0,0,0,0,0,0,0,0,0,0,0,0,0,1,0,0,0,0,0,1,0,1,3,6,6,13,20,20,36,23,27,56,79,78,83,65,67,90,118,124,120,127,207,116,105,132,175,157,80,239,85,91,86,109,241,170,110,72,166,93,168,103,122,78,155,34,87,46,74,91,58,143,26,29,92,41,74,39,56,10,24,102,46,70,29,65,6,13,27,68,38,34,58,27,27,37,18,26,70,7,11,15,9,1,33,5,23,3,2,16,2,25,6,20,3,7,12,5,19,1,19,4,4,32,5,14,3,3,0,3,30,11,9,14,28,1,7,5,4,18,7,9,2,7,9,6,7,5,0,0,5,16,1,21,7,7,0,10,4,7,28,18,0,0,7,7,6,16,11,20,6,0,16,10,16,0,21,4,4,21,6,16,6,0,36,5,14,14,10,7,8,0,4,1,75,8,6,11,0,10,11,11,12,0,15,0,12,16,16,6,8,17,0,7,21,11,19,8,14,0,15,22,8,24,7,19,0,6,30,13,34,15,23,0,23,20,35,46,20,38,0,30,33,21,47,12,34,0,17,45,21,51,47,65,0,63,86,42,49,123,68,0,55,80,62,144,57,101,0,65,154,76,0,187,110,0,97
Minnesota,0,0,0,0,0,0,0,0,0,0,0,0,0,0,0,0,0,0,0,0,0,0,0,0,0,0,0,0,0,0,0,0,1,0,0,0,0,1,2,1,4,1,2,5,1,4,2,5,1,4,5,11,7,7,6,0,9,8,0,24,10,13,9,17,19,21,21,23,28,14,15,18,24,27,24,24,9,28,30,23,26,24,20,13,23,24,34,20,17,22,9,17,29,32,33,10,17,12,18,34,35,29,30,14,10,22,15,29,33,22,16,11,20,39,13,25,9,15,6,9,13,19,17,11,8,4,9,7,9,5,6,8,10,6,6,13,8,0,5,3,3,9,5,5,4,3,2,6,10,8,7,5,3,4,3,4,9,5,5,3,2,4,9,5,6,6,8,2,4,10,7,4,8,9,3,6,17,7,8,0,47,6,9,17,7,8,8,6,4,8,15,15,4,4,2,1,5,11,7,10,4,6,3,2,7,15,13,9,13,3,5,6,9,8,13,2,4,10,6,3,6,10,4,7,5,17,13,10,14,7,3,4,14,6,14,10,10,3,7,29,19,13,5,17,5,7,35,20,13,14,21,4,15,19,32,19,20,18,9,15,31,25,36,34,31,19,23,58,39,46,35,31,12,26,67,72,68,51,40,24,38,75,0,101,45,57,15
Missouri,0,0,0,0,0,0,0,0,0,0,0,0,0,0,0,0,0,0,0,0,0,0,0,0,0,0,0,0,0,1,0,2,0,0,1,4,1,0,0,4,3,0,3,5,8,13,6,13,8,20,15,16,10,12,12,10,18,17,14,13,7,6,21,18,20,16,26,14,17,21,14,15,19,14,15,12,11,29,15,23,21,11,11,17,10,21,12,15,11,7,16,15,11,9,9,7,3,5,7,0,13,5,18,2,1,10,6,2,7,8,2,4,8,3,0,16,6,2,2,4,19,36,13,10,2,5,8,10,2,9,5,0,2,3,14,11,3,3,1,0,16,2,4,11,7,1,13,9,5,2,4,11,0,2,10,11,30,6,5,9,12,11,7,16,10,11,0,3,11,7,5,22,3,7,7,5,8,2,9,13,5,32,10,9,8,3,6,2,0,17,11,7,12,28,5,14,15,16,8,21,61,17,2,3,12,11,7,8,3,7,18,9,17,28,15,1,12,29,71,13,40,63,0,4,9,3,5,72,31,9,2,21,29,30,129,27,0,0,0,120,0,17,104,11,8,25,25,15,32,111,12,0,39,29,7,49,97,1,5,32,24,18,24,21,3,0,142,22,22,21,15,0,15,64,22,32,38,16,4,2,189,33,33,1,8,6,11
Mississippi,0,0,0,0,0,0,0,0,0,0,0,0,0,0,0,0,0,0,0,0,0,0,0,0,0,0,0,0,0,0,1,0,0,0,0,0,2,3,2,5,1,2,4,2,4,3,6,8,8,9,7,9,6,11,3,2,13,11,7,11,12,7,10,14,10,8,8,12,6,2,10,11,11,20,10,12,7,32,32,22,13,12,9,5,22,8,15,13,17,11,6,27,16,10,15,21,9,10,17,18,23,17,13,11,5,28,15,12,9,8,6,20,10,21,0,13,8,2,4,20,23,0,0,0,0,40,11,22,5,6,13,4,20,14,9,10,11,4,4,3,44,30,16,11,15,19,1,22,18,18,24,14,9,3,31,34,13,27,15,15,5,42,23,48,52,30,10,8,42,51,21,23,26,22,16,32,45,22,32,37,4,11,32,36,27,24,23,3,8,67,58,26,14,14,14,32,20,33,10,22,11,15,1,0,38,33,14,15,12,9,28,22,24,12,17,1,0,36,24,4,20,17,8,2,36,12,10,20,12,2,0,14,24,23,6,16,5,0,14,25,12,8,11,0,0,31,21,8,7,17,0,8,20,19,8,18,6,14,0,36,13,8,14,14,10,0,37,17,17,5,21,3,2,36,20,18,23,15,19,0,53,16,18,6,10,27,1
Montana,0,0,0,0,0,0,0,0,0,0,0,0,0,0,0,0,0,0,0,0,0,0,0,0,0,0,0,0,0,0,0,0,0,0,0,0,0,0,1,0,0,4,0,1,0,0,1,0,0,0,0,0,0,0,0,1,0,0,0,1,2,0,0,2,2,0,0,0,0,0,1,1,0,0,0,0,0,0,0,0,0,0,0,0,0,0,0,0,0,0,0,0,0,0,0,0,0,0,1,0,0,0,0,0,0,0,0,0,1,0,0,0,0,0,0,0,0,1,0,0,1,0,0,0,0,1,0,0,0,1,0,0,0,0,0,0,1,0,0,0,0,0,2,3,1,0,3,2,0,1,2,0,0,2,1,2,1,3,0,0,1,4,3,1,5,1,0,3,0,1,0,5,5,0,0,2,3,1,0,1,0,0,2,0,5,0,1,0,1,6,1,0,2,4,0,0,1,4,2,3,2,1,1,1,3,1,8,2,2,3,2,1,2,3,10,1,3,3,2,0,5,1,2,1,3,3,1,5,0,1,3,2,1,4,9,3,1,2,5,8,5,5,4,2,0,11,23,3,4,12,3,6,2,20,12,27,11,1,10,13,5,3,12,26,11,1,5,10,0,5,37,6,2,21,18,0,6,33,3,11,16,22,6,0,12,2,10
North_Carolina,0,0,0,0,0,0,0,0,0,0,0,0,0,0,0,0,0,0,0,0,0,0,0,0,0,0,0,0,0,0,0,0,0,0,0,0,2,1,1,1,2,0,5,2,7,6,7,4,7,8,13,10,7,6,0,5,18,18,20,27,10,13,18,27,20,16,13,11,19,16,23,19,24,13,12,3,8,30,20,21,17,21,13,11,25,25,16,26,9,10,7,0,33,8,41,3,6,6,11,43,32,43,10,8,11,13,38,7,9,13,4,9,27,22,16,15,6,5,8,29,12,7,14,13,30,33,18,29,11,12,5,0,5,23,18,11,10,3,1,9,14,16,15,20,16,9,7,42,18,18,16,25,4,25,28,27,24,33,22,6,21,22,28,34,20,37,4,60,18,24,41,34,24,8,7,39,42,7,26,30,4,1,48,35,34,29,27,10,4,35,36,24,22,31,9,10,39,38,24,36,50,1,7,12,49,32,33,24,5,8,51,38,31,27,28,8,4,39,30,40,53,31,1,4,49,38,47,29,21,5,3,33,23,29,25,18,5,3,43,40,18,36,19,5,5,53,40,50,32,30,13,13,41,34,38,49,46,5,7,67,50,41,34,23,2,8,45,38,8,14,36,50,8,38,46,38,43,26,29,5,35,64,0,72,9,21,21
North_Dakota,0,0,0,0,0,0,0,0,0,0,0,0,0,0,0,0,0,0,0,0,0,0,0,0,0,0,0,0,0,0,0,0,0,0,0,0,0,0,1,0,0,1,1,0,0,0,0,0,0,1,0,1,1,1,0,1,0,1,0,0,0,0,0,4,1,1,0,1,1,2,0,0,0,4,1,1,0,0,6,0,2,2,0,1,2,2,0,2,0,1,1,1,4,2,1,0,1,1,0,2,1,2,1,1,0,4,1,0,5,1,0,0,0,1,1,0,0,0,0,0,0,1,1,0,1,0,1,0,0,0,0,1,0,0,1,0,0,0,0,0,4,1,0,0,2,0,0,1,0,1,1,0,2,1,1,2,1,2,0,0,0,1,2,1,0,0,2,0,2,1,1,1,2,0,1,5,2,0,1,0,4,1,2,2,0,2,3,1,1,1,0,1,0,2,1,1,2,3,2,0,5,1,0,0,1,3,4,3,1,2,2,5,5,2,8,0,1,3,7,8,8,8,4,3,5,7,10,8,7,3,3,3,24,6,11,15,1,8,12,8,5,18,11,5,4,4,10,9,9,8,8,5,15,12,11,13,12,7,9,15,12,29,17,15,11,5,30,12,11,10,19,10,7,32,16,10,23,16,6,6,37,4,10,5,13,5,7
Nebraska,0,0,0,0,0,0,0,0,0,0,0,0,0,0,0,0,0,0,0,0,0,0,0,0,0,0,0,0,0,0,0,0,0,0,0,0,0,0,0,2,0,0,1,1,1,1,0,2,1,1,2,2,1,2,0,0,3,0,1,3,0,4,5,0,5,9,3,0,6,0,0,0,14,3,0,5,0,0,0,13,0,0,0,8,2,3,0,10,10,0,0,0,15,0,9,0,0,0,0,6,10,1,6,0,0,0,0,17,0,0,0,1,1,2,21,3,0,0,5,11,3,5,5,0,0,5,7,1,3,6,1,0,2,5,2,6,2,0,0,0,0,0,2,2,0,0,3,0,5,8,2,0,0,12,0,1,5,0,0,0,1,4,3,4,4,0,0,0,4,8,0,5,0,0,3,3,5,4,1,0,0,1,7,2,2,3,0,2,5,0,3,5,1,0,0,5,2,0,5,0,0,0,0,3,14,9,7,0,0,1,1,3,3,0,0,0,10,9,1,0,6,1,1,2,6,0,15,0,4,4,2,4,0,7,0,5,0,3,5,3,5,12,0,1,6,11,11,11,4,4,1,7,17,8,9,9,6,2,2,4,9,5,27,2,0,7,20,1,25,19,4,0,18,19,10,28,43,8,4,25,0,16,32,2,5,0,29
New_Hampshire,0,0,0,0,0,0,0,0,0,0,0,0,0,0,0,0,0,0,0,0,0,0,0,0,0,0,0,0,0,0,0,0,0,0,1,0,0,0,0,1,0,1,0,0,0,2,2,2,0,0,4,8,0,1,1,0,2,7,0,5,1,0,4,0,6,3,2,0,7,0,0,0,12,9,3,2,0,6,0,22,7,10,2,0,9,8,1,8,12,1,0,0,18,9,5,4,1,1,4,9,9,6,0,7,0,11,9,8,5,5,3,0,0,15,7,7,3,2,0,6,4,1,6,2,0,0,4,4,10,8,2,0,0,4,2,2,1,3,2,1,2,2,1,3,1,0,0,1,2,1,0,1,2,0,2,2,3,2,2,0,0,0,2,4,0,1,1,0,1,0,1,0,0,0,0,0,1,2,1,0,0,0,1,3,1,0,1,0,0,0,0,2,1,0,0,0,0,0,0,0,0,1,0,0,0,1,0,1,1,0,2,0,0,0,0,0,0,0,0,0,0,1,0,0,0,0,2,1,0,1,0,3,0,2,2,5,1,0,0,2,5,2,1,0,2,0,1,1,1,2,0,2,0,3,4,0,1,0,0,0,1,2,2,1,0,0,0,3,3,3,1,0,1,2,2,2,1,1,4,0,1,1,0,3,6,3,0
New_Jersey,0,0,0,0,0,0,0,0,0,0,0,0,0,0,0,0,0,0,0,0,0,1,0,0,0,0,1,0,2,3,6,3,6,7,11,20,21,28,32,51,27,49,98,110,205,136,242,126,152,296,341,276,279,325,242,167,415,410,422,371,288,336,173,296,433,306,290,271,56,143,431,350,483,335,230,154,63,344,324,273,175,170,157,91,203,192,241,206,118,105,82,149,171,103,146,100,58,14,53,149,75,127,105,68,29,52,111,95,82,58,71,39,93,76,67,50,135,39,50,86,43,35,33,23,17,38,53,51,0,42,34,27,17,43,43,29,57,25,22,18,52,51,116,31,46,0,35,22,52,31,19,15,7,9,22,0,23,35,11,11,17,21,0,11,10,11,6,10,11,0,7,0,20,5,4,12,0,8,10,7,2,4,9,1,6,9,2,3,0,7,0,7,9,3,4,8,5,14,7,7,7,4,2,5,12,6,9,4,4,3,9,11,3,4,3,3,2,7,6,9,6,6,3,1,10,5,18,0,4,1,2,9,5,9,3,7,3,1,7,9,6,5,2,7,3,13,18,18,10,8,4,7,14,18,8,7,11,4,3,14,20,12,13,9,4,11,21,15,19,27,26,18,14,38,37,34,23,34,15,11,47,67,39,17,23,13,15
New_Mexico,0,0,0,0,0,0,0,0,0,0,0,0,0,0,0,0,0,0,0,0,0,0,0,0,0,0,0,0,0,0,0,0,0,0,0,0,1,0,0,0,1,0,2,1,1,4,1,1,0,1,0,3,1,2,7,0,5,5,0,8,9,2,3,0,13,7,6,9,6,0,6,7,11,8,7,13,5,6,7,3,9,10,9,8,11,12,11,11,6,6,5,6,7,11,8,6,9,3,5,4,6,9,7,5,6,5,8,8,4,5,4,4,4,6,10,0,11,4,5,7,5,4,8,2,3,0,7,4,5,4,2,1,1,4,3,3,8,2,0,2,4,8,6,6,4,2,3,3,6,5,3,4,2,7,10,3,5,5,6,7,5,7,6,3,7,9,3,1,3,9,2,6,6,4,5,3,2,2,6,8,3,4,5,6,5,5,4,2,4,3,3,9,3,2,1,9,8,3,1,3,6,3,4,0,6,3,2,3,2,0,7,2,4,5,6,2,2,3,3,2,6,5,0,3,2,2,5,5,3,2,2,0,2,3,3,5,4,4,3,3,1,6,1,5,1,7,8,3,7,5,2,9,4,11,3,13,11,8,10,9,14,23,6,16,14,12,14,14,18,22,10,7,21,28,26,12,23,25,33,17,28,23,18,35,23,13,28
Nevada,0,0,0,0,0,0,0,0,0,0,0,0,0,0,0,0,0,0,0,0,0,0,0,0,0,0,0,1,0,0,0,1,0,0,2,0,2,4,0,0,5,0,11,5,7,5,3,0,0,26,0,9,9,12,10,2,12,5,6,5,9,7,1,4,9,23,2,8,1,0,13,11,13,3,9,3,7,5,19,8,0,19,0,2,9,10,2,10,4,3,8,0,19,6,3,1,0,14,0,8,4,0,11,0,0,0,14,0,6,1,1,4,4,3,10,2,1,1,2,2,6,2,4,7,1,2,3,2,1,3,2,0,4,3,4,14,3,2,4,3,11,5,18,8,13,1,0,19,6,8,11,9,1,1,28,28,5,13,10,2,5,20,21,21,29,2,0,15,15,28,10,20,29,8,6,18,15,34,15,24,3,5,25,32,38,13,12,0,3,30,20,21,16,15,0,3,8,23,27,12,13,1,4,0,19,17,10,10,3,4,26,12,12,18,4,3,0,15,10,8,9,9,3,0,8,7,3,6,11,3,0,6,7,13,8,2,2,3,10,17,7,9,0,3,2,15,5,4,2,5,5,1,7,10,3,8,0,4,3,23,7,10,21,5,1,1,7,18,3,13,15,1,8,27,3,6,29,29,6,6,24,24,22,2,24,17,8
New_York,0,0,0,0,0,0,0,0,0,0,0,0,0,0,0,0,0,0,0,0,0,0,1,0,0,4,5,11,14,25,28,55,52,54,102,124,157,235,272,353,382,412,489,636,727,761,787,910,1061,1273,949,1050,921,922,938,1018,880,786,743,477,561,524,971,671,518,657,553,436,405,481,335,446,370,369,290,283,353,282,570,227,317,221,173,197,218,205,161,265,172,126,483,198,65,73,74,168,93,124,27,186,20,96,71,50,133,78,54,129,27,21,85,61,40,63,14,150,14,27,33,50,18,32,19,70,37,36,62,22,33,23,21,27,31,0,18,24,80,14,38,17,22,21,23,42,11,15,23,11,19,9,27,13,19,11,12,43,9,11,10,17,10,14,1,18,3,9,13,0,6,33,5,3,9,2,9,6,8,2,18,11,7,7,12,5,0,0,6,12,1,29,6,0,3,1,18,48,9,6,4,6,5,0,15,14,3,0,0,4,0,7,8,4,28,15,0,6,72,104,1,5,14,3,7,9,8,14,8,40,3,14,13,7,12,8,32,5,3,13,8,10,24,9,14,12,16,7,7,25,11,9,8,8,16,9,19,30,6,22,11,10,20,64,15,12,19,20,16,22,14,18,17,22,22,102,31,28,37,44,23,20,23,26,55,34,37,47,44
Ohio,0,0,0,0,0,0,0,0,0,0,0,0,0,0,0,0,0,0,0,0,0,0,0,0,0,0,0,0,0,0,0,3,0,0,3,2,3,4,4,6,4,11,15,10,16,10,11,17,23,25,26,20,18,16,6,21,50,38,45,11,33,20,38,48,53,46,34,21,17,25,46,138,39,27,19,17,18,78,90,46,35,25,10,16,79,47,51,47,29,15,32,63,61,56,35,84,13,18,15,42,54,33,18,6,52,52,41,40,17,15,7,27,17,36,33,18,46,3,16,24,12,22,34,30,3,4,31,20,17,16,16,3,11,45,13,27,0,4,4,16,43,21,15,26,4,22,6,5,6,28,9,20,42,15,30,16,21,41,0,10,37,38,40,20,47,26,14,10,31,26,22,34,16,1,4,35,26,21,29,40,2,6,34,41,22,26,20,3,8,10,48,32,29,21,3,10,27,10,50,22,8,3,17,22,26,30,49,8,4,4,87,49,25,28,4,3,8,12,52,28,19,6,1,5,37,21,13,88,20,0,6,16,23,13,11,3,2,6,12,16,5,16,13,0,8,8,66,12,23,22,0,11,22,17,19,16,10,2,37,33,55,33,33,12,11,7,23,76,35,42,14,8,20,30,55,63,65,29,12,24,80,174,0,72,32,21,30
Oklahoma,0,0,0,0,0,0,0,0,0,0,0,0,0,0,0,0,0,0,0,0,0,0,0,0,0,0,0,0,0,0,1,0,0,1,0,1,2,2,1,7,1,0,7,7,4,4,4,4,5,16,12,1,8,6,2,3,9,15,8,5,0,4,3,21,6,9,9,6,1,2,10,7,8,8,8,0,0,9,6,7,6,4,2,2,4,0,6,1,3,0,0,5,6,5,3,4,0,2,5,4,3,4,5,0,0,5,2,3,1,2,1,0,6,2,2,2,0,0,0,4,1,2,1,1,1,0,2,1,3,2,7,1,0,2,2,6,3,0,0,1,5,3,3,6,5,1,2,4,4,6,7,6,0,1,9,13,3,7,12,0,0,13,14,13,5,8,1,1,15,17,10,7,3,0,2,13,9,11,6,13,4,4,14,20,10,6,10,1,4,14,19,15,8,11,2,1,8,13,14,11,4,3,0,1,9,13,12,11,6,0,7,12,6,9,4,3,2,14,8,11,12,11,2,1,11,13,4,9,7,0,4,11,9,10,6,4,3,6,15,13,11,11,8,9,2,18,19,11,13,11,4,2,22,13,20,20,11,8,9,21,17,21,16,0,9,6,7,19,11,12,23,12,10,6,26,18,15,21,10,15,15,16,0,24,13,19,7
Oregon,0,0,0,0,0,0,0,0,0,0,0,0,0,0,0,0,0,0,0,0,0,0,0,0,0,0,1,0,0,2,0,0,1,1,0,3,2,1,1,1,0,3,2,1,2,1,0,5,0,2,4,11,0,4,4,1,2,3,6,6,2,2,1,3,0,5,3,1,5,0,7,2,2,1,5,0,0,4,2,6,3,3,0,3,0,4,3,0,0,0,1,2,4,1,2,0,1,0,0,0,3,0,2,0,1,3,2,0,2,0,2,1,5,0,2,2,0,3,4,2,1,4,1,1,1,2,0,3,2,5,0,0,2,3,1,1,0,4,2,0,5,4,6,2,0,2,3,7,3,2,5,3,3,2,7,2,2,9,3,4,0,14,8,5,6,3,1,2,5,5,1,9,7,1,1,11,7,8,2,1,2,0,9,11,4,2,3,0,3,8,5,5,9,7,4,1,5,4,2,5,5,1,1,4,8,3,2,6,4,0,10,2,0,0,4,1,3,3,6,1,3,0,1,4,8,4,1,3,8,1,0,9,2,11,3,2,0,0,6,3,3,6,2,1,7,6,2,0,14,4,0,2,9,7,2,2,14,2,1,9,4,5,6,13,1,4,3,5,4,7,6,2,4,13,10,20,4,7,1,6,21,20,0,18,11,9,7
Pennsylvania,0,0,0,0,0,0,0,0,0,0,0,0,0,0,0,0,0,0,0,0,0,0,0,0,0,0,0,0,0,1,0,0,1,2,2,2,7,3,4,12,7,9,13,11,16,12,34,15,28,68,71,27,73,85,54,32,102,88,62,80,121,234,72,266,59,51,23,46,23,70,160,327,102,160,60,25,118,341,166,244,126,64,27,26,82,180,194,134,58,15,20,113,142,99,141,102,24,10,17,102,108,91,73,18,12,100,75,90,66,33,12,10,61,48,51,49,49,4,28,33,43,42,38,20,4,3,38,54,39,22,24,3,8,35,35,28,34,3,4,1,33,25,36,32,17,7,7,20,26,27,20,11,7,3,26,26,16,23,8,3,4,23,17,23,13,12,4,1,24,6,28,14,14,1,3,29,37,15,39,17,2,0,21,34,12,17,18,2,0,25,31,9,20,14,2,1,19,27,19,11,15,0,21,9,14,13,22,0,0,26,5,22,11,28,19,20,25,17,36,16,11,18,3,2,13,29,14,18,18,15,12,16,24,21,24,32,6,17,14,30,22,21,8,23,10,41,30,28,34,28,11,12,24,24,36,31,26,3,9,30,36,45,41,37,4,3,71,57,46,28,42,38,20,36,117,106,107,99,41,30,78,146,102,23,39,63,38
Rhode_Island,0,0,0,0,0,0,0,0,0,0,0,0,0,0,0,0,0,0,0,0,0,0,0,0,0,0,0,0,0,0,0,0,1,0,0,0,0,0,0,1,1,1,7,0,1,0,10,1,2,3,5,8,0,23,0,0,14,0,7,31,19,13,5,16,10,11,13,13,11,7,6,12,113,0,12,0,0,0,0,12,11,81,0,0,0,0,0,0,68,0,0,0,0,8,23,40,0,0,15,21,22,16,18,114,0,0,0,0,0,47,0,0,0,0,0,0,11,0,0,0,0,2,9,14,0,0,0,4,8,7,0,0,19,34,0,0,0,0,0,0,0,0,0,0,7,0,0,0,0,1,2,1,0,4,1,1,4,1,0,0,2,1,2,0,13,0,0,0,0,0,0,0,5,0,0,0,0,0,0,2,0,0,0,0,1,2,8,0,0,1,2,3,2,0,0,21,0,0,0,0,2,0,0,0,0,0,2,0,0,4,3,3,4,3,0,0,9,2,4,3,1,0,0,3,3,1,3,1,0,0,3,4,1,1,3,0,0,0,9,8,2,3,0,0,7,5,5,4,4,0,0,7,4,4,3,6,0,0,9,2,2,8,2,0,0,9,4,6,7,4,0,0,16,8,6,4,6,0,0,15,16,10,0,11,0,0,27
South_Carolina,0,0,0,0,0,0,0,0,0,0,0,0,0,0,0,0,0,0,0,0,0,0,0,0,0,0,0,1,0,0,0,2,0,0,2,0,2,2,4,2,1,2,4,4,5,3,6,4,4,3,0,16,5,8,2,0,15,9,5,5,3,1,3,1,16,10,7,9,8,3,15,39,13,12,11,8,8,13,9,11,4,10,1,15,9,7,9,9,0,5,6,8,8,9,3,6,10,5,6,20,4,13,4,7,6,1,17,7,14,6,1,11,11,7,13,5,6,1,2,5,10,4,18,5,9,6,14,10,10,1,17,5,4,19,27,18,9,20,7,7,19,38,21,24,22,10,11,21,5,72,26,39,20,9,57,64,49,51,80,26,15,59,50,52,45,39,26,16,54,47,48,20,45,24,17,50,46,40,20,56,9,19,55,17,41,58,34,11,7,18,44,55,27,43,11,11,37,37,13,39,31,10,20,5,30,33,53,12,24,13,21,34,26,19,11,11,13,31,19,17,18,26,3,11,22,19,22,9,33,11,3,15,31,12,16,21,1,7,17,17,14,8,22,13,11,35,12,47,22,16,9,21,19,34,13,7,39,1,10,22,17,7,13,10,21,5,21,14,8,17,9,2,31,13,26,19,30,43,9,5,25,4,0,29,0,7,28
South_Dakota,0,0,0,0,0,0,0,0,0,0,0,0,0,0,0,0,0,0,0,0,0,0,1,0,0,0,0,0,0,0,0,0,0,0,0,0,0,0,0,0,0,0,0,1,0,0,0,0,2,2,0,0,0,0,0,0,0,0,1,0,0,0,0,1,1,0,1,0,1,0,0,2,4,4,0,0,0,3,5,2,0,3,0,0,5,0,4,1,0,0,0,2,0,2,2,0,0,0,0,4,0,5,3,0,0,0,0,2,0,1,0,0,3,1,4,1,1,0,0,2,1,0,3,0,0,0,2,1,3,1,3,0,0,0,2,4,0,0,0,0,1,0,3,6,2,0,0,0,2,4,1,0,2,0,0,1,2,1,0,1,0,0,6,0,1,4,1,0,1,1,4,3,2,0,0,0,1,1,2,2,1,0,1,1,2,2,1,1,0,0,1,0,3,2,0,0,0,2,0,1,3,0,0,0,0,4,0,6,1,0,0,8,1,2,5,2,0,0,0,8,6,2,0,0,5,0,13,1,11,0,0,0,10,14,5,9,0,2,0,3,13,3,8,8,0,7,3,14,9,10,9,0,0,9,19,12,10,12,1,8,14,22,28,13,13,1,3,27,0,1,53,23,0,0,30,31,36,36,42,0,2,28,0,39,54,1,3
Tennessee,0,0,0,0,0,0,0,0,0,0,0,0,0,0,0,0,0,0,0,0,0,0,0,0,0,0,0,0,0,0,0,1,0,1,0,0,1,0,3,1,1,6,9,1,12,5,9,3,12,7,8,14,4,8,0,3,15,0,12,5,1,6,4,5,0,14,0,8,4,3,4,7,4,5,5,1,9,7,13,0,4,0,1,8,15,7,14,3,5,3,3,4,0,8,2,14,7,2,5,10,3,5,3,0,0,17,7,13,7,9,1,3,14,2,4,25,6,2,8,11,5,10,7,9,2,5,11,14,11,10,7,0,8,12,5,11,13,4,8,7,13,20,25,13,15,3,8,18,16,13,19,23,5,4,24,17,37,13,26,3,11,21,21,13,27,7,6,19,25,27,42,20,9,8,10,38,18,24,13,19,21,21,37,28,36,61,14,4,21,40,20,25,28,24,22,7,27,16,18,22,25,3,4,27,35,57,37,39,14,19,30,24,13,32,20,2,15,28,16,35,40,22,3,12,31,34,47,14,45,17,20,24,21,63,27,26,9,7,23,31,36,7,32,6,13,30,18,41,65,24,31,32,44,34,22,78,12,0,26,75,24,31,32,49,5,15,62,89,27,64,25,16,30,72,53,80,74,9,55,35,71,94,53,7,15,13,48
Texas,0,0,0,0,0,0,0,0,0,0,0,0,0,0,0,0,0,0,0,0,0,0,0,0,0,0,0,0,1,3,1,0,1,2,2,5,4,6,9,5,9,10,12,18,13,17,18,27,19,13,26,26,25,34,21,24,37,37,39,39,26,17,17,39,25,49,25,21,18,20,41,34,54,25,19,16,24,22,30,33,38,36,26,18,31,26,63,53,35,27,8,41,45,28,13,9,60,9,17,41,35,8,46,19,9,39,30,34,37,21,9,14,19,37,31,33,25,22,17,50,40,44,29,27,13,17,37,40,52,45,47,24,26,53,64,65,72,46,48,65,131,127,150,84,83,100,90,113,163,168,174,135,103,120,121,256,193,152,178,97,678,271,312,126,115,271,7,138,234,360,257,279,205,100,68,0,304,241,311,190,128,48,235,253,239,241,165,119,46,193,204,226,168,73,77,95,140,186,191,130,152,80,41,95,134,8,294,106,75,44,144,146,85,124,101,42,40,101,139,138,100,101,40,60,95,110,116,97,70,26,107,94,129,104,102,73,29,27,83,109,93,94,67,25,16,73,93,5,115,144,40,20,83,100,114,109,81,38,31,99,137,133,140,100,39,37,112,132,299,18,133,84,37,115,191,227,186,152,110,36,196,209,185,54,95,55,53
Utah,0,0,0,0,0,0,0,0,0,0,0,0,0,0,0,0,0,0,0,0,0,0,0,0,0,0,0,0,0,0,0,0,0,1,0,0,0,0,0,0,1,2,1,0,2,0,1,0,5,0,0,0,4,1,0,0,5,2,0,3,2,2,1,4,0,3,4,2,0,0,0,4,1,0,3,1,0,6,2,3,0,5,1,1,5,2,0,2,1,2,0,8,2,2,1,4,0,1,3,4,1,1,5,1,0,0,4,0,3,1,0,3,3,1,3,8,0,0,4,2,4,3,3,0,3,0,5,0,1,2,1,0,1,4,1,3,5,0,3,6,4,7,4,2,5,3,1,10,7,1,1,8,0,4,4,9,7,6,1,0,7,5,6,8,4,6,1,3,7,6,3,5,0,1,9,4,2,2,7,3,0,1,5,8,4,2,2,0,5,7,4,2,4,0,0,0,2,1,4,5,1,2,1,1,3,3,1,2,0,3,0,1,0,0,3,0,1,2,1,0,4,0,5,0,4,2,0,15,2,2,4,6,8,5,4,5,7,5,0,5,2,8,3,3,3,5,6,6,4,1,4,2,4,10,10,3,3,10,0,6,5,7,17,9,1,2,11,6,9,14,9,8,5,9,8,16,17,14,6,4,11,26,0,15,14,5,3
Virginia,0,0,0,0,0,0,0,0,0,0,0,0,0,0,0,0,0,0,0,0,0,0,0,0,0,1,0,1,0,0,0,0,1,3,0,3,0,1,0,3,7,0,12,7,8,5,6,1,15,0,0,44,12,9,12,10,6,42,15,27,27,21,29,26,26,28,39,26,14,11,36,30,33,34,38,43,24,29,26,33,44,15,14,11,46,36,30,26,25,10,6,27,34,26,38,23,12,37,28,47,57,20,13,5,18,17,21,18,14,7,11,5,19,19,7,16,7,5,6,18,13,3,16,5,5,9,28,16,14,25,25,8,8,23,23,30,29,5,4,1,28,24,32,21,5,4,3,9,16,16,7,12,2,4,18,3,4,14,8,3,5,17,33,17,37,41,4,0,33,30,25,21,9,12,3,23,14,11,11,14,0,4,13,18,18,13,13,26,4,31,24,20,26,32,0,12,41,38,18,15,16,4,5,6,14,14,9,13,3,30,101,55,40,32,52,28,7,44,31,30,30,10,17,16,23,26,24,24,22,4,6,18,17,26,22,15,2,6,13,12,9,23,17,12,24,37,33,15,19,39,2,3,27,20,27,15,17,2,4,18,14,19,1,36,4,32,29,22,19,37,23,9,9,42,39,47,32,45,4,9,52,42,38,15,16,15,10
Vermont,0,0,0,0,0,0,0,0,0,0,0,0,0,0,0,0,0,0,0,0,0,0,0,0,0,0,0,0,0,0,2,0,0,0,3,2,1,1,1,2,0,0,1,3,1,0,3,2,1,0,0,0,1,1,2,1,1,0,4,2,3,0,0,2,0,3,1,2,0,1,0,0,2,1,1,2,0,0,0,1,0,0,0,0,0,0,0,0,0,1,0,0,0,0,0,0,0,0,0,0,1,0,0,0,0,0,0,0,0,0,0,0,0,0,0,0,0,0,0,0,0,1,0,0,0,0,0,0,0,0,0,0,0,0,0,0,0,0,0,0,0,0,0,0,0,0,0,0,0,0,0,0,0,0,0,0,0,0,0,0,0,0,0,1,0,0,0,0,0,0,1,0,0,0,0,0,0,0,0,0,0,0,0,0,0,0,0,0,0,0,0,0,0,0,0,0,0,0,0,0,0,0,0,0,0,0,0,0,0,0,0,0,0,0,0,0,0,0,0,0,0,0,0,0,0,0,0,0,0,0,0,0,0,0,0,0,0,0,0,0,0,0,0,0,0,0,0,0,0,0,0,0,0,0,0,0,0,0,0,0,0,0,0,1,0,0,0,0,0,0,0,0,0,0,1,1,1,1,0,0,1,0,0,3,0,0,2
Washington,0,0,0,0,0,0,0,0,0,0,0,1,0,5,1,3,1,2,3,2,1,4,1,7,6,2,1,8,7,12,6,10,11,3,12,7,17,17,7,31,10,7,20,9,37,20,24,21,45,19,26,30,27,12,11,7,17,22,27,24,10,23,7,21,22,25,11,15,12,15,22,15,13,10,6,4,7,21,8,21,14,16,10,14,17,12,9,8,8,2,1,29,6,7,6,0,11,9,8,17,11,5,7,0,5,6,6,3,11,4,4,4,15,0,18,10,9,4,3,11,0,19,10,10,5,6,8,9,7,4,6,0,10,12,7,3,10,2,5,10,15,10,15,15,0,14,0,5,17,6,7,10,3,6,12,3,14,13,0,7,17,30,7,9,0,28,4,4,19,5,29,19,16,0,9,19,8,12,19,11,15,4,23,14,15,13,7,6,4,9,4,10,15,0,0,10,16,4,10,8,0,0,0,0,25,7,6,0,0,15,9,5,11,6,0,0,12,21,11,0,20,0,0,0,24,2,6,11,0,0,16,7,12,6,7,0,0,0,21,10,11,7,0,0,19,24,4,3,7,0,0,25,16,16,6,7,0,0,12,22,16,15,8,0,0,21,22,0,25,12,0,0,29,23,21,11,16,0,0,36,35,14,0,0,0,0,71
Wisconsin,0,0,0,0,0,0,0,0,0,0,0,0,0,0,0,0,0,0,0,0,0,0,0,0,0,0,0,0,0,0,3,1,0,0,0,2,4,7,2,3,7,6,8,11,13,19,16,4,10,7,17,14,10,13,6,12,9,10,11,8,16,9,4,7,8,5,9,8,11,10,18,14,5,10,7,11,7,9,4,8,15,6,13,5,10,6,10,5,5,8,7,8,12,10,10,13,8,14,16,11,16,13,11,5,6,5,6,6,14,3,5,4,5,12,5,8,5,6,8,6,9,4,2,3,8,4,3,6,4,3,7,6,2,0,4,3,3,2,2,3,2,4,3,4,2,2,7,2,7,4,6,4,7,10,6,10,8,7,6,8,5,9,5,12,6,3,7,12,9,8,7,6,13,6,5,9,9,5,10,7,5,4,4,5,7,7,5,4,7,7,10,3,7,9,4,4,8,8,6,9,1,6,9,6,5,1,9,7,7,4,6,3,6,4,5,11,4,4,13,11,9,9,13,9,11,12,13,19,9,10,12,13,25,17,24,24,28,20,26,24,29,36,30,38,39,33,39,41,46,42,42,34,46,51,43,44,40,24,41,37,25,25,37,20,22,25,18,8,0,62,56,12,13,103,58,85,81,52,7,8,114,71,72,19,30,23,7
West_Virginia,0,0,0,0,0,0,0,0,0,0,0,0,0,0,0,0,0,0,0,0,0,0,0,0,0,0,0,0,0,0,0,0,0,0,0,0,0,0,0,0,0,1,0,0,1,0,0,1,1,0,0,1,0,0,1,2,1,1,2,4,0,2,6,2,1,4,1,0,2,0,4,0,3,5,2,0,0,0,2,1,1,0,2,0,4,0,2,4,0,3,1,0,1,1,2,0,0,0,0,2,0,0,1,0,1,2,0,1,5,0,0,0,0,1,1,2,0,0,0,0,0,0,0,0,1,0,3,0,0,0,1,0,0,0,0,0,0,1,0,1,0,0,0,0,1,0,1,0,1,1,1,0,0,0,1,0,1,1,0,0,1,4,3,1,4,0,1,0,7,0,0,3,4,8,2,6,6,0,4,3,0,0,2,4,1,4,6,2,0,8,3,8,3,14,0,1,9,9,7,5,1,3,0,4,3,3,6,2,1,11,5,10,4,3,11,3,1,5,2,6,7,2,2,3,8,5,4,2,2,1,3,3,5,1,6,5,0,3,2,3,2,3,3,1,0,9,3,6,4,0,1,1,8,4,7,8,6,1,1,10,3,8,7,14,1,26,16,7,2,10,9,8,3,13,14,11,16,19,4,5,15,13,17,0,6,11,6
Wyoming,0,0,0,0,0,0,0,0,0,0,0,0,0,0,0,0,0,0,0,0,0,0,0,0,0,0,0,0,0,0,0,0,0,0,0,0,0,0,0,0,0,0,0,0,0,0,0,0,0,0,0,0,0,0,0,1,0,0,1,0,0,0,0,0,4,1,0,0,0,0,0,0,0,0,0,0,0,0,0,0,0,0,0,0,0,0,0,0,0,1,2,0,1,1,0,0,0,0,1,1,1,0,1,0,1,0,0,0,0,0,0,0,0,1,0,0,0,0,0,0,0,0,2,0,0,0,0,0,0,0,0,0,0,0,0,0,0,0,0,0,1,0,0,0,0,0,0,1,0,2,0,0,1,0,1,0,0,0,0,0,0,1,0,0,0,0,0,1,0,0,0,1,0,0,0,1,0,1,0,0,0,0,0,4,0,3,0,0,0,0,0,0,0,0,0,0,0,4,0,1,0,0,0,0,0,0,0,0,0,0,0,8,0,0,0,0,0,0,1,0,0,0,0,0,0,0,3,0,0,0,0,0,0,1,0,0,0,0,3,0,0,0,0,0,0,4,0,7,0,0,0,9,0,0,10,0,0,0,10,0,12,0,0,9,0,0,13,0,0,0,17,0,0,11,0,21,0,0,0,26,0,13,0,0,0,0,0
Argentina,0,0,0,0,0,0,0,0,0,0,0,0,0,0,0,0,0,0,0,1,0,0,0,0,1,0,0,0,0,0,1,0,1,0,0,2,2,1,4,5,1,4,4,1,8,3,4,1,4,8,7,9,10,1,7,7,5,9,4,8,6,3,4,11,5,13,11,9,7,5,10,7,4,7,12,9,14,4,9,9,11,7,5,9,5,10,24,3,7,10,9,11,10,13,17,12,7,15,17,16,8,12,8,11,17,13,14,25,24,16,16,29,24,18,30,20,30,18,21,24,35,35,31,13,19,32,35,38,34,34,23,25,48,27,44,34,52,44,26,75,62,50,26,54,36,35,58,65,82,62,66,42,40,113,117,98,114,105,86,46,120,120,109,153,102,53,52,165,166,127,145,160,112,83,158,240,209,149,165,110,66,111,234,282,187,213,118,137,381,197,276,211,221,82,104,203,259,199,243,262,116,120,270,276,253,249,241,115,89,315,185,264,344,196,143,254,429,470,424,390,442,335,206,364,406,418,3351,311,196,223,450,359,399,484,515,356,287,318,386,349,421,381,384,160,449,384,419,438,381,275,283,405,429,341,371,350,210,138,483,429,468,246,370,212,212,347,276,348,251,263,262,129,291,379,241,185,258,112,100,120,310,282,227,275,106,151,257
Bolivia,0,0,0,0,0,0,0,0,0,0,0,0,0,0,0,0,0,0,0,0,0,0,0,0,0,0,0,0,0,0,0,0,0,0,0,0,0,0,0,0,1,3,2,1,1,1,1,0,1,3,1,3,1,1,4,3,1,0,1,2,0,1,1,1,3,6,1,2,4,3,2,4,3,4,5,5,6,4,5,11,4,8,4,4,6,14,10,12,1,4,5,15,10,16,15,10,10,11,13,6,13,7,10,3,30,33,24,15,12,27,11,10,12,25,21,26,26,26,21,27,20,18,18,25,33,47,26,30,37,21,36,44,57,52,78,70,49,58,56,42,54,47,61,64,52,53,59,32,44,42,65,57,45,67,55,55,79,66,62,48,64,73,88,86,83,87,89,75,92,65,80,59,63,53,72,49,66,57,55,64,55,65,49,61,72,61,76,67,69,86,62,65,55,92,28,61,74,102,85,55,55,0,1656,43,49,47,57,47,47,50,53,31,33,39,36,31,37,39,38,34,35,28,30,42,31,34,36,44,28,28,28,27,36,36,34,30,16,18,25,26,30,32,24,18,21,24,32,26,24,19,18,13,14,22,11,10,10,6,10,10,7,10,13,9,5,7,6,10,7,10,6,8,10,7,9,14,11,4,3,9,12,5,6,4,6,3,5
Brazil,0,0,0,0,0,0,0,0,0,0,0,0,0,0,0,0,0,0,0,0,0,0,0,0,0,0,0,0,1,2,3,5,4,10,9,12,13,18,15,19,25,23,42,39,84,35,86,41,78,122,133,131,107,67,99,105,204,204,188,217,213,108,125,154,165,425,373,353,229,317,480,430,493,406,349,290,316,571,650,602,827,639,467,530,808,779,759,963,700,456,735,1130,876,1188,1001,965,653,807,1039,1086,1156,1124,956,480,623,1262,1349,1473,1005,904,525,679,1272,1274,1239,909,892,612,627,1282,1269,1238,1206,1022,615,680,1374,1185,1141,990,1109,552,692,1280,1038,1252,1290,1091,602,620,1254,1223,1220,1214,1071,631,733,1300,1233,1322,1163,921,716,632,1367,1284,1311,1156,1211,555,614,921,1595,1129,1212,1088,541,561,1154,1437,1237,1079,905,572,703,1274,1175,1262,1060,709,620,684,1352,1212,1204,1054,892,494,565,1271,1085,984,855,758,566,553,1215,1184,834,888,701,447,310,504,1075,983,874,814,415,381,1113,987,829,858,739,363,377,833,0,1703,729,869,335,317,863,1031,728,0,1307,365,323,819,734,729,682,559,290,201,309,749,713,754,461,0,501,661,566,497,571,432,231,263,549,510,513,508,407,190,179,243,610,0,909,254,128,231,174,566,913,456,921,140,216,685,756,606,552,376,194,302,630,654,691,514,587,272,287
Chile,0,0,0,0,0,0,0,0,0,0,0,0,0,0,0,0,0,0,0,0,0,0,0,0,0,0,0,0,0,0,0,0,0,1,1,0,1,1,1,1,1,1,4,4,2,4,5,7,3,6,5,9,8,8,7,2,10,2,11,11,10,7,6,8,13,8,6,7,8,9,9,9,11,7,13,13,10,5,6,4,9,10,8,11,12,11,22,26,27,29,28,31,35,45,41,43,45,43,45,35,49,54,53,57,59,75,87,81,92,93,96,627,19,192,173,222,231,222,39,21,232,226,252,202,184,23,3,226,172,165,279,162,66,113,65,167,131,141,116,76,50,139,109,99,100,98,45,45,117,104,1057,98,58,130,44,45,116,76,106,92,75,53,38,99,80,76,75,99,38,47,97,69,53,66,62,39,27,94,41,55,57,61,33,32,93,52,69,60,64,42,32,82,60,49,63,45,32,23,78,72,57,41,60,30,20,79,69,45,54,64,27,18,84,57,55,32,12,23,24,124,58,64,50,57,27,16,81,45,52,60,58,33,20,77,53,52,46,58,20,19,19,95,59,47,41,26,17,73,52,48,52,59,23,6,86,40,49,40,55,17,21,64,46,49,44,45,23,22,66,39,39,42,44,20,14,58,48,27,39,37,25,7,97,43,44,34,54
Colombia,0,0,0,0,0,0,0,0,0,0,0,0,0,0,0,0,0,0,0,0,0,0,0,0,0,0,0,0,0,0,0,0,0,2,1,0,1,2,0,0,4,2,4,1,2,6,7,3,11,4,4,15,11,20,9,3,15,4,13,9,13,13,10,7,10,9,10,8,11,9,16,9,15,21,10,16,18,20,19,10,21,17,18,16,14,16,16,21,16,12,18,21,17,22,30,23,22,23,26,27,19,31,37,49,30,40,36,42,58,60,54,49,64,61,55,57,47,75,59,75,63,86,95,81,111,73,94,87,163,157,128,239,96,60,136,171,136,165,122,146,149,168,187,211,194,188,148,170,189,215,259,228,220,193,237,207,315,287,294,256,252,297,380,356,295,225,320,367,298,309,315,311,290,302,312,321,362,308,347,318,287,275,247,360,204,385,400,348,296,277,295,283,299,297,300,299,388,295,273,270,268,256,203,202,236,222,243,216,190,199,165,190,187,0,374,169,189,0,349,0,357,193,192,153,187,170,198,201,159,156,132,173,163,0,315,165,174,151,156,165,151,159,187,167,132,170,192,173,165,198,154,194,217,188,173,209,179,201,138,194,166,196,196,190,196,183,154,184,179,178,160,202,192,158,182,198,168,175,183,192,198,183,159,195,187,183,182
Costa_Rica,0,0,0,0,0,0,0,0,0,0,0,0,0,0,0,0,0,0,0,0,0,0,0,0,0,0,0,0,0,0,1,0,1,0,0,0,0,0,0,0,0,0,0,0,0,0,0,0,0,0,1,0,0,0,0,0,0,1,0,0,0,1,1,0,0,0,0,0,0,0,0,0,0,0,0,0,0,0,0,0,0,0,1,0,0,1,0,1,1,0,0,0,0,0,0,0,0,0,0,0,0,0,0,0,0,0,0,0,0,0,0,1,0,1,0,0,0,0,0,0,0,0,0,0,0,0,0,0,0,0,2,1,0,1,1,1,0,0,1,4,0,2,0,1,2,2,4,3,3,2,5,7,8,4,2,3,9,7,11,6,11,10,8,7,10,4,8,9,10,10,9,18,10,7,9,11,8,9,9,10,3,10,10,7,12,7,8,7,7,14,10,11,10,11,0,18,7,10,7,9,9,0,32,21,12,24,16,7,0,31,12,16,17,20,20,0,39,15,21,14,17,16,0,33,19,24,13,13,20,0,37,17,20,16,15,21,0,32,16,10,25,9,15,0,21,18,14,15,14,17,0,30,17,11,17,14,14,0,19,15,12,13,9,11,0,27,11,11,14,10,9,0,20,12,10,11,9,0,0,33,21,12,5,11,0,0,36
Ecuador,0,0,0,0,0,0,0,0,0,0,0,0,0,0,0,0,0,0,0,0,0,0,0,0,0,2,0,0,0,0,1,2,2,7,4,9,1,6,2,12,10,2,15,18,27,25,27,8,11,0,51,30,25,18,18,22,14,19,15,18,35,18,33,13,17,23,16,0,0,87,208,12,17,163,308,193,5,0,49,36,50,13,410,18,182,7,4,256,94,48,63,40,49,51,117,40,12,95,0,72,38,21,0,24,0,80,48,0,48,74,13,21,48,30,0,108,46,22,33,41,37,80,69,0,67,0,51,0,69,63,18,5,73,25,49,63,61,69,12,40,52,0,27,39,92,16,16,67,28,49,43,32,31,5,48,52,21,29,39,8,17,52,39,34,45,34,0,31,41,39,30,20,19,6,10,19,33,26,20,35,5,13,22,41,54,48,29,33,12,46,42,61,33,33,18,1,15,48,29,26,50,0,3852,51,74,48,87,28,39,19,41,33,33,15,40,6,5,31,45,42,23,37,6,1,32,43,78,62,102,50,34,21,41,398,34,13,3,27,17,29,42,51,18,12,8,9,49,47,28,14,11,20,15,20,14,10,38,14,8,6,6,26,31,54,15,9,10,71,26,31,20,11,8,9,27,21,22,44,62,24,39,24,28,42,13,52,38
Guatemala,0,0,0,0,0,0,0,0,0,0,0,0,0,0,0,0,0,0,0,0,0,0,0,0,0,0,0,1,0,0,0,0,0,0,0,0,0,0,0,0,0,0,0,0,0,0,1,0,1,0,0,0,0,0,2,0,0,0,0,2,0,0,0,0,1,3,0,2,2,0,0,1,0,0,1,0,2,0,2,2,1,0,2,0,1,2,0,1,3,0,2,8,2,3,3,4,3,1,4,5,12,10,12,6,8,7,20,15,58,14,22,15,22,27,18,17,16,17,15,19,14,17,34,31,17,16,35,19,22,49,34,21,19,27,44,26,37,40,27,34,23,49,39,47,33,47,25,58,48,54,39,6,36,17,29,42,59,37,30,35,27,21,53,32,57,35,36,18,24,35,47,49,29,14,11,11,34,29,45,14,24,10,30,48,39,26,48,14,17,19,32,23,24,19,12,20,18,12,14,21,20,7,10,28,7,21,11,20,8,15,12,25,27,40,29,14,5,13,17,16,16,27,16,5,4,8,15,6,18,8,9,8,25,12,9,9,19,3,23,20,23,25,37,15,11,5,21,13,14,15,35,7,14,17,22,10,15,9,0,10,4,14,28,17,10,2,9,13,13,22,40,12,6,9,61,42,17,7,2,16,7,8,26,8,20,5,5
Honduras,0,0,0,0,0,0,0,0,0,0,0,0,0,0,0,0,0,0,0,0,0,0,0,0,0,0,0,0,0,0,0,0,0,0,0,0,0,1,0,0,2,4,0,3,4,1,0,7,0,0,0,1,0,1,1,0,1,5,4,6,5,0,0,0,0,1,8,4,0,2,3,2,5,4,1,6,1,10,6,6,2,1,0,8,5,2,10,1,4,4,4,1,0,9,11,0,13,2,6,6,2,0,5,11,5,8,9,9,5,2,8,4,9,19,4,12,4,2,10,8,6,7,6,9,5,32,10,12,9,45,8,0,6,12,45,49,14,24,10,17,21,17,10,46,21,3,15,18,18,10,22,34,9,35,53,18,5,50,37,18,50,48,45,53,25,31,9,7,16,23,23,19,11,19,11,9,18,9,6,19,8,8,10,15,11,13,11,11,29,20,44,56,24,15,16,15,15,36,30,30,22,1,16,11,10,5,9,7,14,8,0,15,20,24,20,18,20,2,16,27,22,17,0,13,22,30,27,6,13,23,11,14,19,11,15,12,8,9,7,5,19,4,7,5,8,6,14,8,0,13,6,10,6,13,9,8,0,6,13,18,24,6,5,4,0,20,15,17,7,16,2,1,16,0,0,0,14,4,0,12,0,19,4,7,6,4,9
Mexico,0,0,0,0,0,0,0,0,0,0,0,0,0,0,0,0,0,0,0,0,0,0,0,0,0,0,0,0,0,0,1,1,0,1,1,1,1,2,4,4,4,8,1,8,13,10,19,15,31,16,33,20,39,40,23,36,74,43,37,60,104,36,26,145,113,99,152,84,46,83,135,163,127,113,89,93,117,236,197,257,199,193,112,108,353,294,257,290,278,132,155,334,424,420,479,190,215,239,501,463,447,371,364,151,237,470,1092,816,625,341,188,354,596,708,587,504,424,269,439,730,770,667,647,387,1044,759,793,947,736,719,602,267,473,648,741,679,654,523,273,480,895,782,730,665,539,276,485,836,579,668,736,578,296,301,915,790,718,737,729,306,342,854,485,639,688,784,274,266,857,829,819,794,695,292,705,926,737,627,615,635,214,266,751,707,625,504,644,226,320,650,626,518,552,673,339,256,827,575,513,522,475,232,223,703,565,600,534,421,217,228,629,300,201,624,455,235,204,651,601,490,405,399,187,173,560,483,432,414,388,208,2789,471,378,370,401,145,139,164,475,478,387,419,355,108,171,555,522,0,897,431,181,247,643,495,464,516,464,142,205,493,635,544,551,485,219,198,617,588,626,568,635,283,319,165,502,576,719,550,303,250,813,858,645,0,1217,196,285
Nicaragua,0,0,0,0,0,0,0,0,0,0,0,0,0,0,0,0,0,0,0,0,0,0,0,0,0,0,0,0,0,0,0,0,0,0,0,0,0,0,1,0,0,0,0,0,0,0,0,0,0,0,0,0,0,0,0,0,0,0,0,0,1,0,0,0,0,1,0,0,0,0,0,0,0,0,0,2,0,0,0,0,0,0,0,0,3,0,0,0,0,0,0,9,0,0,0,0,0,0,18,0,0,0,0,0,0,11,0,0,0,0,0,0,9,0,0,0,0,0,0,9,0,0,0,0,0,0,10,0,0,0,0,0,0,9,0,0,0,0,0,0,8,0,0,0,0,0,0,8,0,0,0,0,0,0,9,0,0,0,0,0,0,8,0,0,0,0,0,0,7,0,0,0,0,0,0,5,0,0,0,0,0,0,5,0,0,0,0,0,0,4,0,0,0,0,0,0,4,0,0,0,0,0,0,3,0,0,0,0,0,0,3,0,0,0,0,0,0,2,0,0,0,0,0,0,2,0,0,0,0,0,0,0,2,0,0,0,0,0,1,0,0,0,0,0,0,1,0,0,0,0,0,0,1,0,0,0,0,0,0,0,0,1,0,0,0,0,1,0,0,0,0,0,0,1,0,0,0,0,0,0,1,0,0,0,0,0,0
Panama,0,0,0,0,0,0,0,0,0,0,0,0,0,0,0,0,0,0,0,0,0,0,1,0,0,0,0,0,0,0,0,0,0,2,3,0,2,0,1,5,3,7,6,0,2,5,4,5,8,1,4,4,3,8,5,8,7,1,8,6,7,4,6,10,5,5,8,5,6,2,0,11,10,4,5,0,3,10,8,7,6,6,7,5,3,4,4,6,3,6,4,2,6,4,4,4,7,4,3,2,5,6,4,6,8,8,5,6,7,16,7,5,5,10,5,3,8,8,11,9,13,5,10,8,8,20,15,11,17,11,17,12,16,11,14,22,31,22,27,23,29,20,20,24,30,16,23,28,22,18,38,33,25,31,32,21,29,41,25,19,28,27,25,23,24,28,22,26,25,31,21,17,18,30,25,16,23,19,12,12,21,21,21,18,17,15,19,14,14,13,13,16,18,17,12,7,16,12,16,17,12,11,13,8,9,11,13,15,11,7,14,11,15,16,18,10,15,13,6,6,14,12,17,8,16,8,15,19,8,9,7,10,8,15,11,8,9,11,9,8,10,17,11,7,10,11,12,15,10,6,5,5,12,13,15,10,12,6,14,11,13,12,14,11,17,10,9,6,7,26,11,6,8,12,14,15,10,14,11,16,13,16,16,12,9,21,19
Paraguay,0,0,0,0,0,0,0,0,0,0,0,0,0,0,0,0,0,0,0,0,0,0,0,0,0,0,0,0,0,0,0,0,1,0,0,1,1,0,0,0,0,0,0,0,0,0,0,0,2,0,0,0,1,0,0,0,1,1,0,0,0,0,0,0,1,0,0,0,0,0,0,0,1,0,0,0,0,0,0,0,0,0,0,0,0,1,0,0,0,0,0,0,0,0,0,0,0,0,0,0,0,0,0,0,0,0,0,0,0,0,0,0,0,0,0,0,0,0,1,1,0,0,0,0,0,0,0,0,0,0,2,0,1,1,2,0,0,1,0,0,0,0,0,0,1,1,3,0,0,2,1,1,2,2,2,1,0,2,2,1,2,2,1,1,2,3,0,3,4,2,5,3,3,3,7,4,7,4,11,19,11,7,16,4,5,12,10,13,14,12,16,18,15,14,14,18,22,10,15,25,14,23,14,14,11,11,11,18,11,14,13,14,18,27,25,23,17,29,22,16,18,21,21,15,23,16,12,21,23,16,18,19,23,23,33,20,12,19,12,23,19,15,14,9,19,24,19,12,16,15,16,24,14,12,14,14,17,14,11,12,13,8,10,7,11,12,14,16,11,13,13,18,15,11,11,12,11,5,5,8,12,14,13,16,11,12,13
Peru,0,0,0,0,0,0,0,0,0,0,0,0,0,0,0,0,0,0,0,0,0,0,0,0,0,0,0,0,0,0,0,3,2,0,0,2,2,0,2,5,2,6,6,8,17,6,12,10,9,15,14,17,31,12,12,23,14,24,20,26,48,52,45,39,46,42,62,66,28,54,72,89,108,73,76,86,58,100,89,94,87,100,75,72,96,112,98,125,131,125,141,125,110,124,96,129,83,173,159,195,116,131,141,135,128,133,127,137,131,139,164,106,167,165,185,0,220,380,172,196,201,204,199,201,184,178,181,182,175,178,196,182,187,173,183,185,181,186,177,183,180,181,181,186,182,188,184,175,188,198,184,199,189,197,195,188,3887,189,0,0,575,194,204,0,205,0,593,197,196,221,196,225,0,423,204,225,0,212,4143,0,219,206,200,177,176,200,211,208,210,150,188,123,153,194,136,181,156,124,0,337,149,133,151,138,147,113,108,126,56,184,102,115,124,95,137,86,0,0,199,302,167,0,105,120,62,72,67,72,74,0,133,92,80,95,89,125,82,52,62,0,158,0,71,54,57,61,55,109,0,49,116,0,48,60,58,47,49,65,0,0,195,59,0,53,38,58,64,49,39,36,39,71,54,40,46,0,129,103,0,46,46,44,0,100,94,44,0
Uruguay,0,0,0,0,0,0,0,0,0,0,0,0,0,0,0,0,0,0,0,0,0,0,0,0,0,0,0,0,0,0,0,0,0,0,0,0,0,0,0,1,0,0,0,1,2,0,1,1,0,1,0,0,0,0,0,1,0,1,0,0,0,1,0,2,0,0,0,2,1,0,0,0,2,0,0,0,0,0,0,0,1,0,1,0,0,0,0,0,0,1,0,0,0,0,0,2,0,0,0,0,0,0,0,0,1,0,0,0,0,0,0,0,0,0,0,0,0,0,0,1,0,0,0,1,0,0,0,1,0,0,0,1,0,0,1,0,0,0,0,1,0,0,0,0,1,1,0,0,0,1,0,1,0,0,0,1,0,0,0,0,1,0,0,0,0,0,1,0,1,0,0,0,0,0,0,0,0,0,1,0,0,2,0,0,1,1,0,0,0,1,0,0,0,1,0,0,0,0,0,1,0,0,0,0,0,0,0,0,0,0,0,0,1,0,0,0,0,0,1,0,0,0,0,0,1,0,0,0,0,0,0,1,0,0,0,1,0,1,0,0,0,0,0,0,0,1,1,0,0,0,0,1,0,1,2,1,0,1,1,1,0,0,0,0,1,0,0,1,0,1,0,1,2,1,0,1,0,0,2,0,1,1,1,0,1,1,1
Venezuela,0,0,0,0,0,0,0,0,0,0,0,0,0,0,0,0,0,0,0,0,0,0,0,0,0,0,0,0,0,0,0,0,0,0,0,0,0,0,1,1,0,1,0,0,2,2,0,0,0,0,2,0,0,0,0,0,0,0,0,0,0,0,0,1,0,0,0,0,0,0,0,0,6,0,0,0,0,0,0,0,0,0,0,0,0,0,0,0,0,0,0,0,0,0,0,0,0,0,1,0,0,3,0,0,3,1,2,0,0,2,0,0,1,0,0,0,1,1,1,1,1,0,2,3,0,2,0,3,1,2,1,2,4,3,3,3,2,3,3,3,3,4,5,3,2,4,4,3,4,4,3,3,2,4,4,4,5,5,4,4,4,5,5,2,6,5,5,6,7,8,7,6,7,8,6,9,9,12,7,10,5,7,9,6,8,6,6,6,8,6,8,7,8,9,6,5,5,7,4,10,8,8,8,8,8,8,8,9,8,9,8,9,9,10,9,8,8,9,10,7,10,9,6,8,7,7,7,8,6,4,5,7,6,7,6,7,6,7,6,4,6,5,6,5,0,11,6,6,5,6,3,4,3,4,5,4,5,3,5,4,4,5,2,3,2,4,4,4,3,3,4,3,4,3,2,3,3,3,2,2,3,4,4,4,4,2,3
Germany,0,0,0,0,0,0,0,0,0,0,0,0,0,0,0,0,0,0,0,0,2,0,1,0,4,2,2,6,7,4,16,23,17,10,29,34,49,61,75,91,100,112,130,145,187,168,169,140,226,206,333,258,160,-31,286,172,100,510,248,300,107,127,276,171,246,296,185,117,99,150,188,153,156,113,76,54,127,0,282,117,118,39,20,92,77,123,23,13,41,24,41,78,63,59,25,33,22,26,63,56,42,34,26,10,15,8,39,33,23,15,12,10,41,16,20,11,10,8,6,13,31,24,12,8,0,4,15,14,12,25,3,0,8,14,5,11,4,10,3,-1,10,14,11,6,7,1,3,4,2,7,1,3,1,2,5,3,8,10,4,0,1,6,4,9,3,7,0,0,9,16,2,14,6,1,1,5,5,4,13,5,0,1,5,8,14,3,6,3,1,5,4,5,0,9,1,3,4,15,0,5,2,1,1,5,6,3,3,4,2,2,11,6,3,10,2,2,0,15,18,13,15,8,5,4,15,12,14,9,13,2,21,12,16,12,5,21,6,14,42,34,23,34,12,13,44,40,29,49,18,57,27,29,30,97,87,86,92,30,156,48,232,161,130,66,66,36,373,213,222,188,107,62,260,305,252,272,256,143,98,301,372,378,430,371,170,125,388
Italy,0,0,0,1,1,1,4,3,2,5,4,8,5,18,27,28,41,49,36,133,97,168,196,189,250,175,368,349,345,475,427,627,793,651,601,743,683,712,919,889,756,812,837,727,760,766,681,525,636,604,542,610,570,619,431,566,602,578,525,575,482,433,454,534,437,464,420,415,260,333,382,323,285,269,474,174,195,236,369,274,243,194,165,179,172,195,262,242,153,145,99,162,161,156,130,119,50,92,78,117,70,87,111,75,60,55,71,88,85,72,53,65,79,71,53,56,78,44,26,34,43,66,47,49,24,23,18,-31,34,30,8,22,6,23,21,30,15,21,7,8,30,15,12,12,7,9,13,17,13,20,11,14,3,13,15,9,10,5,5,5,5,11,6,3,9,5,8,12,5,10,6,3,13,2,4,6,10,6,3,158,4,4,5,7,6,9,3,7,4,4,13,5,9,1,4,6,8,6,10,11,16,7,12,10,14,10,10,6,7,14,9,12,13,10,24,15,17,14,20,23,20,17,17,16,24,19,24,23,27,18,16,28,31,22,28,29,26,39,41,43,83,55,47,69,73,89,127,136,91,151,128,141,221,205,217,199,297,208,233,353,352,428,446,425,331,356,580,623,636,550,544,546,504,731,753,653,699,692,562,630,853,722,822,827,686,541,672
